Book Id,Title,Author,Author l-f,Additional Authors,ISBN,ISBN13,My Rating,Average Rating,Publisher,Binding,Number of Pages,Year Published,Original Publication Year,Date Read,Date Added,Bookshelves,Bookshelves with positions,Exclusive Shelf,My Review,Spoiler,Private Notes,Read Count,Owned Copies
61681786,"Final Offer (Dreamland Billionaires, #3)",Lauren Asher,"Asher, Lauren",,"=""172827222X""","=""9781728272221""",3,4.28,Bloom Books,Paperback,583,2023,2023,,2023/09/16,,,read,,,,1,0
123008168,My Dark Romeo,Parker S. Huntington,"Huntington, Parker S.",L.J. Shen,"=""1950209075""","=""9781950209071""",1,3.88,PSH Publishing,Paperback,366,2023,,,2023/07/17,,,read,,,,1,0
61718053,Happy Place,Emily Henry,"Henry, Emily",,"=""0593441273""","=""9780593441275""",4,4.10,Berkley,Hardcover,400,2023,2023,,2023/06/16,,,read,,,,1,0
54981009,The Last Thing He Told Me,Laura Dave,"Dave, Laura",,"=""""","=""""",4,3.85,Simon & Schuster,Hardcover,320,2021,2021,,2021/07/12,,,read,,,,1,0
71641873,"Until You (The Redemption, #1)",K. Bromberg,"Bromberg, K.",,"=""""","=""9781942832607""",0,4.20,"JKB Publishing, LLC",Kindle Edition,340,2023,,,2023/08/30,to-read,to-read (#194),to-read,,,,0,0
50628479,Out of Love,Jewel E. Ann,"Ann, Jewel E.",,"=""""","=""""",0,4.28,,Kindle Edition,354,2020,2020,,2023/08/30,to-read,to-read (#193),to-read,,,,0,0
36489310,"Show Me the Way (Fight for Me, #1)",A.L. Jackson,"Jackson, A.L.",,"=""1946420042""","=""9781946420046""",0,4.09,A.L. Jackson Books,Paperback,356,2017,2017,,2023/08/30,to-read,to-read (#192),to-read,,,,0,0
61771675,Hello Beautiful,Ann Napolitano,"Napolitano, Ann",,"=""""","=""""",0,4.23,The Dial Press,Kindle Edition,416,2023,2023,,2023/08/30,to-read,to-read (#191),to-read,,,,0,0
62603994,When Gracie Met the Grump,Mariana Zapata,"Zapata, Mariana",,"=""1953262023""","=""9781953262028""",1,4.09,Mariana Zapata,Paperback,570,2022,2022,,2022/11/14,,,read,,,,1,0
61434791,"Twisted (Never After, #4)",Emily McIntire,"McIntire, Emily",,"=""""","=""""",3,3.94,,Kindle Edition,366,2023,2023,,2023/08/05,,,read,,,,1,0
61102577,Strangers in the Night,Heather  Webb,"Webb, Heather",,"=""0063004186""","=""9780063004184""",0,3.90,William Morrow Paperbacks,Paperback,432,2023,2023,,2023/08/30,to-read,to-read (#190),to-read,,,,0,0
49244342,The Orphan Collector,Ellen Marie Wiseman,"Wiseman, Ellen Marie",,"=""1496715861""","=""9781496715869""",0,4.24,Kensington Publishing Corp.,Paperback,390,2020,2020,,2023/08/30,to-read,to-read (#189),to-read,,,,0,0
29864343,"Rich People Problems (Crazy Rich Asians, #3)",Kevin Kwan,"Kwan, Kevin",,"=""0385542232""","=""9780385542234""",0,3.95,Doubleday,Hardcover,398,2017,2017,,2023/08/30,to-read,to-read (#188),to-read,,,,0,0
60285652,"Hello, Sunshine",Laura Dave,"Dave, Laura",,"=""1476789347""","=""9781476789347""",0,3.46,Simon  Schuster,ebook,256,2022,2017,,2023/08/30,to-read,to-read (#187),to-read,,,,0,0
58014893,Every Summer After,Carley Fortune,"Fortune, Carley",,"=""0593438531""","=""9780593438534""",0,4.24,Berkley,Paperback,320,2022,2022,,2023/08/27,to-read,to-read (#186),to-read,,,,0,0
23309634,Before We Were Strangers,Renee Carlino,"Carlino, Renee",,"=""1501105779""","=""9781501105777""",0,4.13,Atria,Paperback,320,2015,2015,,2023/08/27,to-read,to-read (#185),to-read,,,,0,0
61326735,"Love, Theoretically",Ali Hazelwood,"Hazelwood, Ali",,"=""1408725797""","=""9781408725795""",5,4.20,Little Brown Books,Paperback,389,2023,2023,,2023/08/20,,,read,,,,1,0
48677178,By a Thread,Lucy Score,"Score, Lucy",,"=""""","=""""",3,4.12,That's What She Said Publishing,Kindle Edition,584,2020,2020,,2023/07/25,,,read,,,,1,0
8745,Desert Flower,Waris Dirie,"Dirie, Waris",Cathleen Miller,"=""0688172377""","=""9780688172374""",0,4.20,William Morrow Paperbacks,Paperback,256,2011,1998,,2023/08/16,to-read,to-read (#184),to-read,,,,0,0
22669832,"Bright Side (Bright Side, #1)",Kim Holden,"Holden, Kim",,"=""""","=""9780991140220""",5,4.31,Do Epic LLC,Paperback,423,2014,2014,,2023/06/23,,,read,,,,1,0
58065372,In Love: A Memoir of Love and Loss,Amy Bloom,"Bloom, Amy",,"=""0593243943""","=""9780593243947""",0,4.27,Random House,Hardcover,240,2022,2022,,2023/07/15,to-read,to-read (#183),to-read,,,,0,0
6334,Never Let Me Go,Kazuo Ishiguro,"Ishiguro, Kazuo",,"=""""","=""""",0,3.84,Vintage Books ,Paperback,288,2010,2005,,2023/07/15,to-read,to-read (#182),to-read,,,,0,0
18948703,"Here with Me (The Archer Brothers, #1)",Heidi McLaughlin,"McLaughlin, Heidi",,"=""""","=""""",0,4.20,,Kindle Edition,226,2014,2014,,2023/06/23,to-read,to-read (#181),to-read,,,,0,0
34273236,Little Fires Everywhere,Celeste Ng,"Ng, Celeste",,"=""0735224293""","=""9780735224292""",0,4.08,Penguin Press,Hardcover,338,2017,2017,,2023/06/16,to-read,to-read (#180),to-read,,,,0,0
75579822,"Crimson River (The Edens, #5)",Devney Perry,"Perry, Devney",,"=""1957376325""","=""9781957376325""",0,4.21,Devney Perry LLC,Kindle Edition,305,2023,2023,,2023/06/16,to-read,to-read (#179),to-read,,,,0,0
60568471,"Before I Let Go (Skyland, #1)",Kennedy Ryan,"Ryan, Kennedy",,"=""1538706792""","=""9781538706794""",0,4.38,Forever,Paperback,420,2022,2022,,2023/05/28,to-read,to-read (#178),to-read,,,,0,0
20935107,"Come Back to Me (Come Back to Me, #1)",Mila Gray,"Gray, Mila",,"=""""","=""""",0,4.20,Pan Macmillan,Paperback,373,2014,2014,,2023/05/27,to-read,to-read (#177),to-read,,,,0,0
84943172,"The Right Move (Windy City, #2)",Liz Tomforde,"Tomforde, Liz",,"=""""","=""""",3,4.47,Golden Boy Publishing LLC,Kindle Edition,417,2023,2023,,2023/05/07,,,read,,,,1,0
62296521,Only Love Can Hurt Like This,Paige Toon,"Toon, Paige",,"=""0593544331""","=""9780593544334""",0,4.06,G.P. Putnam's Sons,Paperback,400,2023,2023,,2023/05/07,to-read,to-read (#176),to-read,,,,0,0
35133922,Educated,Tara Westover,"Westover, Tara",,"=""""","=""""",4,4.47,Random House,Hardcover,352,2018,2018,,2022/07/29,,,read,,,,1,0
63095160,"The Temporary Wife (The Windsors, #2)",Catharina Maura,"Maura, Catharina",,"=""""","=""""",2,4.07,,Kindle Edition,384,2023,2023,,2023/02/05,dnf,dnf (#8),read,,,,1,0
40944965,"Binding 13 (Boys of Tommen, #1)",Chloe Walsh,"Walsh, Chloe",,"=""""","=""""",0,4.45,,Kindle Edition,887,2018,2018,,2023/04/02,to-read,to-read (#175),to-read,,,,0,0
63831009,The Brightest Light of Sunshine (The Brightest Light #1),Lisina Coney,"Coney, Lisina",,"=""""","=""""",0,3.89,,Kindle Edition,441,2023,,,2023/04/02,to-read,to-read (#174),to-read,,,,0,0
53137938,The Things We Leave Unfinished,Rebecca Yarros,"Yarros, Rebecca",,"=""1682815668""","=""9781682815663""",0,4.32,Entangled: Amara,Paperback,448,2021,2021,,2023/03/27,to-read,to-read (#173),to-read,,,,0,0
15835031,If He Had Been with Me,Laura Nowlin,"Nowlin, Laura",,"=""1402277822""","=""9781402277825""",0,3.88,Sourcebooks Fire,Paperback,336,2013,2013,,2023/03/27,to-read,to-read (#172),to-read,,,,0,0
55711688,The Other Black Girl,Zakiya Dalila Harris,"Harris, Zakiya Dalila",,"=""1982160136""","=""9781982160135""",0,3.38,Atria Books,Hardcover,357,2021,2021,,2023/03/25,to-read,to-read (#171),to-read,,,,0,0
58950845,"By the Book (Meant to Be, #2)",Jasmine Guillory,"Guillory, Jasmine",,"=""1368053386""","=""9781368053389""",0,3.73,Hyperion Avenue,Paperback,320,2022,2022,,2023/03/25,to-read,to-read (#170),to-read,,,,0,0
41880609,On Earth We're Briefly Gorgeous,Ocean Vuong,"Vuong, Ocean",,"=""0525562028""","=""9780525562023""",0,4.05,Penguin Press,Hardcover,246,2019,2019,,2023/03/25,to-read,to-read (#169),to-read,,,,0,0
42434209,Torn (Dark Legacy Trilogy Book 2),Natasha Knight,"Knight, Natasha",,"=""""","=""""",3,3.90,,Kindle Edition,294,2018,2018,,2023/03/16,,,read,,,,2,0
42507486,Taken (Dark Legacy #1),Natasha Knight,"Knight, Natasha",,"=""""","=""""",3,3.84,,Kindle Edition,296,2018,2018,,2023/03/16,,,read,,,,2,0
50930057,Collateral,Natasha Knight,"Knight, Natasha",,"=""""","=""""",4,3.98,,Kindle Edition,244,2019,2019,,2023/03/15,,,read,,,,2,0
10959,Sophie's World,Jostein Gaarder,"Gaarder, Jostein",Paulette Møller,"=""1857993284""","=""9781857993288""",0,3.96,Phoenix,Paperback,403,1995,1991,,2023/03/01,to-read,to-read (#168),to-read,,,,0,0
62694941,The Deal Dilemma,Meagan Brandy,"Brandy, Meagan",,"=""""","=""""",0,4.08,,Kindle Edition,504,2022,2022,,2022/10/12,to-read,to-read (#125),to-read,,,,0,0
23341894,Every Last Word,Tamara Ireland Stone,"Stone, Tamara Ireland",,"=""1484705270""","=""9781484705278""",4,4.25,"Little, Brown Books for Young Readers",Hardcover,358,2015,2015,,2023/02/18,,,read,,,,1,0
21839603,"Ruthless People (Ruthless People, #1)",J.J. McAvoy,"McAvoy, J.J.",,"=""1612133193""","=""9781612133195""",1,3.92,The Writers Coffee Shop,Paperback,511,2014,2014,,2021/02/16,"to-read, dnf","to-read (#5), dnf (#7)",to-read,,,,0,0
60435878,Carrie Soto Is Back,Taylor Jenkins Reid,"Reid, Taylor Jenkins",,"=""0593158687""","=""9780593158685""",0,4.23,Ballantine Books,Hardcover,384,2022,2022,,2023/02/18,to-read,to-read (#167),to-read,,,,0,0
41057294,Normal People,Sally Rooney,"Rooney, Sally",,"=""1984822179""","=""9781984822178""",0,3.81,Hogarth,Hardcover,273,2019,2018,,2023/02/18,to-read,to-read (#166),to-read,,,,0,0
32620332,The Seven Husbands of Evelyn Hugo,Taylor Jenkins Reid,"Reid, Taylor Jenkins",,"=""1501139231""","=""9781501139239""",0,4.44,Atria Books,Hardcover,389,2017,2017,,2023/02/18,to-read,to-read (#165),to-read,,,,0,0
21853621,The Nightingale,Kristin Hannah,"Hannah, Kristin",,"=""0312577222""","=""9780312577223""",0,4.61,St. Martin's Press,Hardcover,440,2015,2015,,2023/02/18,to-read,to-read (#164),to-read,,,,0,0
60307542,"His Pretty Little Burden (Kids of The District, #4)",Nicci Harris,"Harris, Nicci",,"=""1922492132""","=""9781922492135""",1,3.86,Inki Publishing,Kindle Edition,418,2022,,,2023/01/16,dnf,dnf (#6),read,,,,1,0
61405262,"Prickly Romance (Billionaire Dads, #5)",Nia Arthurs,"Arthurs, Nia",,"=""""","=""""",2,3.88,,Kindle Edition,449,2022,2022,,2023/01/31,dnf,dnf (#5),read,,,,1,0
40097951,The Silent Patient,Alex Michaelides,"Michaelides, Alex",,"=""1250301696""","=""9781250301697""",4,4.18,Celadon Books,Hardcover,336,2019,2019,,2022/12/30,,,read,,,,1,0
50623864,The Invisible Life of Addie LaRue,V.E. Schwab,"Schwab, V.E.",,"=""0765387565""","=""9780765387561""",0,4.20,Tor Books,Hardcover,448,2020,2020,,2023/02/05,to-read,to-read (#163),to-read,,,,0,0
75263226,Requited Unrequited Love,Mina Ramzy,"Ramzy, Mina",,"=""""","=""9798359611701""",0,3.41,Independently published,Paperback,422,2023,,,2023/02/02,to-read,to-read (#162),to-read,,,,0,0
17134589,"The Conspiracy of Us (The Conspiracy of Us, #1)",Maggie  Hall,"Hall, Maggie",,"=""0399166505""","=""9780399166501""",0,3.84,Putnam Juvenile,Hardcover,324,2015,2015,,2023/01/24,to-read,to-read (#161),to-read,,,,0,0
56949185,"War, Unfinished",Veronica Lancet,"Lancet, Veronica",,"=""""","=""""",0,4.22,,Kindle Edition,938,2022,,,2023/01/20,to-read,to-read (#160),to-read,,,,0,0
55855966,"Throne of Power (Throne Duet, #1)",Rina Kent,"Kent, Rina",,"=""""","=""""",0,3.93,"Blackthorn Books, LLC",Kindle Edition,316,2021,2021,,2023/01/20,to-read,to-read (#159),to-read,,,,0,0
52871061,"The Predator (Dark Verse, #1)",RuNyx,"RuNyx, RuNyx",,"=""""","=""""",0,4.01,,Paperback,318,2020,2020,,2023/01/20,to-read,to-read (#158),to-read,,,,0,0
55239381,"The Bluff (Calamity Montana, #2)",Willa Nash,"Nash, Willa",Devney Perry,"=""""","=""""",0,4.22,Devney Perry,Kindle Edition,338,2021,2021,,2023/01/19,to-read,to-read (#157),to-read,,,,0,0
61757380,Corrupted Chaos,Shain Rose,"Rose, Shain",,"=""1956810072""","=""9781956810073""",2,4.04,"Greene Ink Publishing, LLC",Kindle Edition,374,2022,2022,,2022/12/22,,,read,,,,1,0
40121378,Atomic Habits: An Easy & Proven Way to Build Good Habits & Break Bad Ones,James Clear,"Clear, James",,"=""0735211302""","=""""",0,4.37,Avery,Kindle Edition,319,2018,2018,,2023/01/09,to-read,to-read (#156),to-read,,,,0,0
59114267,"Juniper Hill (The Edens, #2)",Devney Perry,"Perry, Devney",,"=""""","=""""",4,4.18,,Kindle Edition,326,2022,2022,,2022/12/13,,,read,,,,1,0
42121525,Migrations,Charlotte McConaghy,"McConaghy, Charlotte",,"=""125020402X""","=""9781250204028""",0,4.15,Flatiron Books,Hardcover,256,2020,2020,,2023/01/05,to-read,to-read (#155),to-read,,,,0,0
50093704,In Five Years,Rebecca Serle,"Serle, Rebecca",,"=""1982137444""","=""9781982137441""",5,3.79,Atria Books,Hardcover,272,2020,2020,,2022/10/12,,,read,,,,1,0
32854499,Most of All You,Mia Sheridan,"Sheridan, Mia",,"=""1538727323""","=""9781538727324""",0,4.01,Forever,ebook,352,2017,2017,,2023/01/04,to-read,to-read (#154),to-read,,,,0,0
27189194,One True Loves,Taylor Jenkins Reid,"Reid, Taylor Jenkins",,"=""""","=""""",0,4.07,Washington Square Press,Kindle Edition,352,2016,2016,,2023/01/04,to-read,to-read (#153),to-read,,,,0,0
50841664,"The Rebel's Redemption (Mershano Empire, #3)",Lexi C. Foss,"Foss, Lexi C.",,"=""""","=""""",3,4.01,"Ninja Newt Publishing, LLC",Kindle Edition,260,2019,2019,,2023/01/03,,,read,,,,1,0
30962053,The Idiot,Elif Batuman,"Batuman, Elif",,"=""1594205612""","=""9781594205613""",0,3.68,Penguin Press,Hardcover,423,2017,2017,,2023/01/03,to-read,to-read (#152),to-read,,,,0,0
44133441,The Husband Checklist,Jasmin Miller,"Miller, Jasmin",,"=""""","=""""",0,3.93,,Kindle Edition,328,2019,2019,,2023/01/02,to-read,to-read (#151),to-read,,,,0,0
62316382,"The Wrong Bride (The Windsors, #1)",Catharina Maura,"Maura, Catharina",,"=""""","=""""",0,3.95,,Kindle Edition,382,2022,2022,,2022/12/31,to-read,to-read (#150),to-read,,,,0,0
61229235,King of Wrath (Kings of Sin #1),Ana Huang,"Huang, Ana",,"=""""","=""""",4,4.08,,Kindle Edition,398,2022,2022,,2022/12/26,,,read,,,,1,0
57992291,Unlawful Temptations (Star-Crossed #1),Alexandria  Lee,"Lee, Alexandria",,"=""""","=""""",0,3.71,,,,,,,2022/12/26,to-read,to-read (#149),to-read,,,,0,0
57200226,"The Casanova (The Miles High Club, #3)",T.L. Swan,"Swan, T.L.",,"=""""","=""""",0,4.36,,Kindle Edition,507,2021,2021,,2022/12/26,to-read,to-read (#148),to-read,,,,0,0
23546634,The Way I Used to Be,Amber   Smith,"Smith, Amber",,"=""""","=""""",4,4.17,Margaret K. McElderry Books,Kindle Edition,385,2016,2016,,2022/12/21,,,read,,,,1,0
60653182,Brutal Obsession,S. Massery,"Massery, S.",,"=""""","=""""",0,3.86,,Kindle Edition,600,2022,2022,,2022/12/24,to-read,to-read (#147),to-read,,,,0,0
18143977,All the Light We Cannot See,Anthony Doerr,"Doerr, Anthony",,"=""1476746583""","=""9781476746586""",0,4.32,Scribner,Hardcover,531,2014,2014,,2022/12/21,to-read,to-read (#146),to-read,,,,0,0
55989190,"Floored (Ward Sisters, #3)",Karla Sorensen,"Sorensen, Karla",,"=""""","=""""",0,4.03,"Dutch Girl Publishing, LLC",Kindle Edition,306,2020,2020,,2022/12/21,to-read,to-read (#145),to-read,,,,0,0
61126612,Alone With You in the Ether,Olivie Blake,"Blake, Olivie",,"=""1250888166""","=""9781250888167""",0,3.90,Tor Books,Hardcover,288,2022,2020,,2022/12/21,to-read,to-read (#144),to-read,,,,0,0
53642699,The Mountain Is You: Transforming Self-Sabotage Into Self-Mastery,Brianna Wiest,"Wiest, Brianna",,"=""""","=""""",0,4.13,Thought Catalog Books,Paperback,421,2020,2020,,2022/12/21,to-read,to-read (#143),to-read,,,,0,0
45027286,"The Marriage Effect (Washington Wolves, #3)",Karla Sorensen,"Sorensen, Karla",,"=""""","=""""",5,4.11,Dutch Girl Publishing,Kindle Edition,300,2019,2019,,2022/12/20,,,read,,,,1,0
57658071,"The Fine Print (Dreamland Billionaires, #1)",Lauren Asher,"Asher, Lauren",,"=""""","=""""",0,3.90,,Kindle Edition,448,2021,2021,,2022/12/20,to-read,to-read (#142),to-read,,,,0,0
23605463,Misconduct,Penelope Douglas,"Douglas, Penelope","Carrie Brach, Guy Locke","=""0451477286""","=""9780451477286""",3,3.94,NAL,Paperback,368,2015,2015,,2022/12/15,,,read,,,,1,0
52867387,Beach Read,Emily Henry,"Henry, Emily",,"=""1984806734""","=""9781984806734""",0,4.02,Berkley,Paperback,400,2020,2020,,2022/12/15,to-read,to-read (#141),to-read,,,,0,0
49415471,Dear Enemy,Kristen Callihan,"Callihan, Kristen",,"=""1542016908""","=""9781542016902""",0,3.93,Montlake,Kindle Edition,393,2020,2020,,2022/12/15,to-read,to-read (#140),to-read,,,,0,0
15858248,"Wallbanger (Cocktail, #1)",Alice Clayton,"Clayton, Alice",,"=""1623420024""","=""9781623420024""",0,3.99,Omnific Publishing,Paperback,384,2012,2012,,2022/12/14,to-read,to-read (#139),to-read,,,,0,0
5082599,Practice Makes Perfect,Julie James,"James, Julie",,"=""0425226743""","=""9780425226742""",0,3.95,Berkley Sensation,Mass Market Paperback,291,2009,2009,,2022/12/14,to-read,to-read (#138),to-read,,,,0,0
62801928,The Co-op,Tarah  Dewitt,"Dewitt, Tarah",,"=""""","=""""",0,3.84,,Kindle Edition,364,2022,2022,,2022/12/14,to-read,to-read (#137),to-read,,,,0,0
40622772,"Drago (Made Men, #6)",Sarah Brianne,"Brianne, Sarah",,"=""""","=""""",2,4.00,Young Ink Press,ebook,,2019,2019,,2022/12/13,,,read,,,,1,0
16081272,"The Edge of Never (The Edge of Never, #1)",J.A. Redmerski,"Redmerski, J.A.",,"=""1480095532""","=""9781480095533""",0,4.22,CreateSpace Independent Publishing Platform,Paperback,426,2012,2012,,2022/12/13,to-read,to-read (#136),to-read,,,,0,0
35008850,"Burn for You (Slow Burn, #1)",J.T. Geissinger,"Geissinger, J.T.",,"=""""","=""""",2,4.05,Montlake Romance,Kindle Edition,349,2017,2017,,2022/08/15,,,read,,,,1,0
22822858,A Little Life,Hanya Yanagihara,"Yanagihara, Hanya",,"=""""","=""""",0,4.34,Doubleday,Hardcover,720,2015,2015,,2022/12/13,to-read,to-read (#135),to-read,,,,0,0
56688531,"Twisted Hate (Twisted, #3)",Ana Huang,"Huang, Ana",,"=""""","=""""",4,4.05,,Kindle Edition,522,2022,2022,,2022/11/20,,,read,,,,1,0
52578297,The Midnight Library,Matt Haig,"Haig, Matt",,"=""""","=""""",0,4.01,Viking,Hardcover,304,2020,2020,,2022/12/12,to-read,to-read (#134),to-read,,,,0,0
62096763,Too Much (Hayes Brothers #1),I.A. Dice,"Dice, I.A.",,"=""""","=""""",0,3.77,,Kindle Edition,311,2022,2022,,2022/12/09,to-read,to-read (#133),to-read,,,,0,0
35606560,the sun and her flowers,Rupi Kaur,"Kaur, Rupi",,"=""1449486797""","=""9781449486792""",0,4.10,Andrews McMeel Publishing,Paperback,256,2017,2018,,2022/11/24,to-read,to-read (#132),to-read,,,,0,0
58913043,"Sincerely, The Puck Bunny (Totally Pucked, #2)",Maren Moore,"Moore, Maren",,"=""""","=""""",0,3.76,,Kindle Edition,349,2021,,,2022/11/20,to-read,to-read (#131),to-read,,,,0,0
58950955,The Godparent Trap,Rachel Van Dyken,"Dyken, Rachel Van",,"=""1538720531""","=""9781538720530""",0,3.76,Forever,Paperback,333,2022,2022,,2022/11/15,to-read,to-read (#130),to-read,,,,0,0
60755618,"Flawless (Chestnut Springs, #1)",Elsie Silver,"Silver, Elsie",,"=""""","=""""",0,4.13,,Kindle Edition,424,2022,2022,,2022/11/14,to-read,to-read (#129),to-read,,,,0,0
61767292,"Icebreaker (Maple Hills, #1)",Hannah  Grace,"Grace, Hannah",,"=""""","=""""",0,4.02,Pig & Bear Publishing,Kindle Edition,435,2022,2022,,2022/11/14,to-read,to-read (#128),to-read,,,,0,0
50155745,"A Favor for a Favor (All In, #2)",Helena Hunting,"Hunting, Helena",,"=""""","=""""",3,4.15,Montlake Romance,Kindle Edition,301,2020,2020,,2022/11/02,,,read,,,,1,0
57945316,Babel: An Arcane History,R.F. Kuang,"Kuang, R.F.",,"=""0063021420""","=""9780063021426""",0,4.24,Harper Voyager,Hardcover,544,2022,2022,,2022/11/01,to-read,to-read (#127),to-read,,,,0,0
59766350,Darling Venom,Parker S. Huntington,"Huntington, Parker S.",,"=""""","=""""",4,4.34,PSH Publishing,Kindle Edition,712,2021,2021,,2022/10/29,,,read,,,,1,0
61409361,Irresistible Trouble (Copper Valley Fireballs #4),Pippa Grant,"Grant, Pippa",,"=""""","=""""",0,4.60,,Kindle Edition,408,2022,2022,,2022/10/12,to-read,to-read (#126),to-read,,,,0,0
55421811,Only For Tonight,Kendall Ryan,"Ryan, Kendall",,"=""""","=""""",3,3.92,,Kindle Edition,178,2020,2018,,2022/10/12,,,read,,,,1,0
22018571,"Intoxicate (Explosive, #4)",Tessa Teevan,"Teevan, Tessa",,"=""""","=""""",0,4.14,,ebook,305,2015,2015,,2022/10/06,to-read,to-read (#124),to-read,,,,0,0
25056208,"Nuts (Hudson Valley, #1)",Alice Clayton,"Clayton, Alice",,"=""1501118137""","=""9781501118135""",0,4.01,Gallery Books,Paperback,308,2015,2015,,2022/10/06,to-read,to-read (#123),to-read,,,,0,0
45728175,Wait For Me,K.L. Grayson,"Grayson, K.L.",,"=""1950612023""","=""9781950612024""",4,4.26,,Kindle Edition,308,2019,2019,,2022/10/02,,,read,,,,1,0
62294282,Memories of Mistletoe (Winterville #4),Carrie Elks,"Elks, Carrie",,"=""""","=""""",0,3.84,,Kindle Edition,338,2022,,,2022/10/02,to-read,to-read (#122),to-read,,,,0,0
53188931,"Redeemed (Dirty Air, #4)",Lauren Asher,"Asher, Lauren",,"=""""","=""""",0,4.42,,Kindle Edition,423,2021,2021,,2022/10/01,to-read,to-read (#121),to-read,,,,0,0
39702801,Hothead (Irresistible #4),Stella Rhys,"Rhys, Stella",,"=""""","=""""",0,4.15,,Kindle Edition,326,2018,,,2022/10/01,to-read,to-read (#120),to-read,,,,0,0
54256265,"Chasing Love (Dark Love, #1)",Kat T. Masen,"Masen, Kat T.",,"=""""","=""""",0,3.62,,Kindle Edition,464,2020,2020,,2022/09/25,to-read,to-read (#119),to-read,,,,0,0
59933620,"The Inn on Harmony Island (Sweet Tea and a Southern Gentleman, #1)",Anne-Marie Meyer,"Meyer, Anne-Marie",,"=""""","=""""",0,3.51,,Kindle Edition,292,2022,2022,,2022/09/25,to-read,to-read (#118),to-read,,,,0,0
52109335,You Can Have Manhattan,P. Dangelico,"Dangelico, P.",,"=""057852919X""","=""""",5,3.93,P. Dangelico,Kindle Edition,304,2019,2019,,2022/08/27,,,read,,,,1,0
30325011,"Managed (VIP, #2)",Kristen Callihan,"Callihan, Kristen",,"=""""","=""9780990715733""",3,4.23,NLA Digital LLC,ebook,344,2016,2016,,2022/09/14,,,read,,,,1,0
40881450,Two Weeks Notice,Whitney G.,"G., Whitney",,"=""""","=""""",2,3.97,Whimstery Media,Kindle Edition,267,2018,2018,,2022/08/19,,,read,,,,1,0
29698573,A Different Blue,Amy Harmon,"Harmon, Amy",,"=""""","=""""",4,4.23,CreateSpace,Paperback,368,2016,2013,,2022/08/27,,,read,,,,1,0
54278218,"Brutal Prince (Brutal Birthright, #1)",Sophie Lark,"Lark, Sophie",,"=""""","=""""",3,3.83,,Kindle Edition,376,2020,2020,,2022/09/07,,,read,,,,1,0
58801615,"Say Yes to the Boss (New York Billionaires, #3)",Olivia Hayle,"Hayle, Olivia",,"=""""","=""""",4,4.25,,Kindle Edition,280,2021,,,2022/08/15,,,read,,,,1,0
28257707,The Subtle Art of Not Giving a F*ck: A Counterintuitive Approach to Living a Good Life,Mark Manson,"Manson, Mark",,"=""""","=""""",0,3.90,Harper,Paperback,212,2016,2017,,2022/09/02,to-read,to-read (#117),to-read,,,,0,0
36206591,Love and Other Words,Christina Lauren,"Lauren, Christina",,"=""1501190539""","=""9781501190537""",3,4.30,Gallery Books,Hardcover,432,2018,2018,,2022/08/19,,,read,,,,1,0
56916467,"Call Me Crazy (Bellamy Creek, #3)",Melanie Harlow,"Harlow, Melanie",,"=""""","=""""",0,4.17,,Kindle Edition,316,2021,2021,,2022/08/31,to-read,to-read (#116),to-read,,,,0,0
6185,Wuthering Heights,Emily Brontë,"Brontë, Emily","Robert Heindel, John Bugg, Charlotte Brontë, Richard J. Dunn","=""""","=""""",0,3.88,Norton,Paperback,464,2002,1847,,2022/08/27,to-read,to-read (#115),to-read,,,,0,0
18254,Oliver Twist,Charles Dickens,"Dickens, Charles",Philip Horne,"=""""","=""""",0,3.88,Penguin Books,Paperback,608,2003,1838,,2022/08/27,to-read,to-read (#114),to-read,,,,0,0
1381,The Odyssey,Homer,"Homer, Homer","Bernard Knox, Robert Fagles","=""0143039954""","=""9780143039952""",0,3.80,Penguin Classics ,Paperback,541,2006,-700,,2022/08/27,to-read,to-read (#113),to-read,,,,0,0
61435016,Fractured Freedom,Shain Rose,"Rose, Shain",,"=""""","=""9781956810066""",2,3.83,"Greene Ink Publishing, LLC",Kindle Edition,368,2022,2022,,2022/08/19,,,read,,,,1,0
60576722,"Tease (Cloverleigh Farms, #8)",Melanie Harlow,"Harlow, Melanie",,"=""""","=""""",0,4.14,,Kindle Edition,310,2022,2022,,2022/08/22,to-read,to-read (#112),to-read,,,,0,0
25167898,Grayson's Vow,Mia Sheridan,"Sheridan, Mia",,"=""1517162521""","=""9781517162528""",4,4.11,CreateSpace Independent Publishing Platform,Paperback,328,2015,2015,,2021/09/25,,,read,,,,1,0
17788401,Ugly Love,Colleen Hoover,"Hoover, Colleen",,"=""""","=""""",0,4.09,Atria Books,Kindle Edition,333,2014,2014,,2022/08/15,to-read,to-read (#111),to-read,,,,0,0
58925247,Say You Swear,Meagan Brandy,"Brandy, Meagan",,"=""""","=""""",0,4.38,,Paperback,681,2022,2022,,2022/08/15,to-read,to-read (#110),to-read,,,,0,0
29333677,"The Contract (The Contract, #1)",Melanie Moreland,"Moreland, Melanie",,"=""""","=""""",5,3.96,Enchanted Publications,Kindle Edition,371,2016,2016,,2021/04/14,,,read,,,,1,0
13623848,The Song of Achilles,Madeline Miller,"Miller, Madeline",,"=""""","=""""",0,4.34,Ecco,Paperback,408,2012,2011,,2022/08/14,to-read,to-read (#109),to-read,,,,0,0
49285777,Wait for Me,Tia Louise,"Louise, Tia",,"=""""","=""""",0,4.00,TLM Productions LLC,Kindle Edition,299,2019,2019,,2022/08/13,to-read,to-read (#108),to-read,,,,0,0
22346950,"Melt for Him (Fighting Fire, #2)",Lauren Blakely,"Blakely, Lauren",,"=""1633750787""","=""9781633750784""",0,3.93,Entangled: Brazen,ebook,193,2014,2014,,2022/08/13,to-read,to-read (#107),to-read,,,,0,0
17831614,"Beautiful Player (Beautiful Bastard, #3)",Christina Lauren,"Lauren, Christina",,"=""""","=""""",0,4.26,Gallery Books,Kindle Edition,432,2013,2013,,2022/08/13,to-read,to-read (#106),to-read,,,,0,0
38104242,Shiver,Suzanne Wright,"Wright, Suzanne",,"=""""","=""""",0,4.06,Amazon Digital Services,Kindle Edition,340,2018,2018,,2022/08/09,to-read,to-read (#105),to-read,,,,0,0
53608355,The Favor,Suzanne Wright,"Wright, Suzanne",,"=""""","=""""",5,4.02,,Kindle Edition,388,2020,2020,,2021/12/26,,,read,,,,1,0
43582648,"One Moment Please (Wait With Me, #3)",Amy Daws,"Daws, Amy",,"=""""","=""""",0,4.06,,Kindle Edition,307,2020,2020,,2022/07/26,to-read,to-read (#104),to-read,,,,0,0
11925514,"Code Name Verity (Code Name Verity, #1)",Elizabeth Wein,"Wein, Elizabeth",,"=""1405258217""","=""9781405258210""",0,4.01,Egmont Press,Paperback,452,2012,2012,,2022/07/21,to-read,to-read (#103),to-read,,,,0,0
38350873,The Worst Best Man,Lucy Score,"Score, Lucy",,"=""1945631163""","=""""",4,4.16,That's What She Said Publishing,Kindle Edition,448,2018,2018,,2022/07/04,,,read,,,,1,0
22619255,"Just Not Mine (Escape to New Zealand, #6)",Rosalind  James,"James, Rosalind",,"=""098876198X""","=""9780988761988""",0,4.24,Rosalind James,Paperback,366,2014,2014,,2022/07/04,to-read,to-read (#102),to-read,,,,0,0
42832396,River Wild,Samantha Towle,"Towle, Samantha",,"=""""","=""""",4,4.04,,ebook,301,2019,2019,,2022/07/02,,,read,,,,1,0
29562692,"Sway (Landry Family, #1)",Adriana Locke,"Locke, Adriana",,"=""1533240515""","=""9781533240514""",0,4.15,Createspace Independent Publishing Platform,Paperback,340,2016,2016,,2022/07/02,to-read,to-read (#101),to-read,,,,0,0
25170969,"Cage (Corps Security, #2)",Harper Sloan,"Sloan, Harper",,"=""""","=""""",0,4.27,,,283,,2013,,2022/07/02,to-read,to-read (#100),to-read,,,,0,0
8599748,Trust in Advertising,Victoria Michaels,"Michaels, Victoria",,"=""1936305291""","=""9781936305292""",0,3.89,Omnific Publishing ,Paperback,452,2010,2010,,2022/07/02,to-read,to-read (#99),to-read,,,,0,0
60095992,"Last on the List (Wait With Me, #5)",Amy Daws,"Daws, Amy",,"=""""","=""""",2,4.37,"Amy Daws, LLC",Kindle Edition,362,2022,2022,,2022/06/26,,,read,,,,1,0
59686781,The Dirty Truth,Winter Renshaw,"Renshaw, Winter",,"=""154203826X""","=""9781542038263""",4,3.96,Montlake,Kindle Edition,286,2022,2022,,2022/06/25,,,read,,,,1,0
20613920,Under Locke,Mariana Zapata,"Zapata, Mariana",,"=""""","=""""",4,3.94,,Kindle Edition,497,2014,2014,,2021/03/14,,,read,,,,1,0
60060431,"Things We Never Got Over (Knockemout, #1)",Lucy Score,"Score, Lucy",,"=""1945631848""","=""9781945631849""",4,4.20,That's What She Said Publishing,Kindle Edition,572,2022,2022,,2022/05/11,,,read,,,,1,0
31140847,Bossman,Vi Keeland,"Keeland, Vi",,"=""1942215460""","=""""",0,4.15,,Kindle Edition,316,2016,2016,,2022/05/22,to-read,to-read (#98),to-read,,,,0,0
59627529,"The Secret (Winslow Brothers, #3)",Max Monroe,"Monroe, Max",,"=""""","=""""",0,4.20,Max Monroe LLC,Kindle Edition,380,2022,2022,,2022/05/21,to-read,to-read (#97),to-read,,,,0,0
23337872,"Beard Science (Winston Brothers, #3)",Penny Reid,"Reid, Penny",,"=""1942874243""","=""9781942874249""",3,4.40,Cipher-Naught,ebook,384,2016,2016,,2022/05/08,dnf,dnf (#4),read,,,,1,0
23204215,"The Game Plan (Game On, #3)",Kristen Callihan,"Callihan, Kristen",,"=""""","=""""",0,4.08,,Kindle Edition,323,2015,2015,,2022/05/11,to-read,to-read (#96),to-read,,,,0,0
52739584,"Fresh Meet (Kings of the Water, #2)",Jasmin Miller,"Miller, Jasmin",,"=""""","=""""",0,3.79,,Kindle Edition,336,2020,2020,,2022/05/11,to-read,to-read (#95),to-read,,,,0,0
43701279,One Percent of You,Michelle  Gross,"Gross, Michelle",,"=""""","=""""",0,4.06,,Kindle Edition,341,2019,2019,,2022/05/11,to-read,to-read (#94),to-read,,,,0,0
13412515,"Law Man (Dream Man, #3)",Kristen Ashley,"Ashley, Kristen",,"=""""","=""""",0,4.30,,Kindle Edition,535,2012,2012,,2022/05/11,to-read,to-read (#93),to-read,,,,0,0
55659629,"It Happened One Summer (Bellinger Sisters, #1)",Tessa Bailey,"Bailey, Tessa",,"=""0063045656""","=""9780063045651""",2,4.00,Avon,Paperback,385,2021,2021,,2022/04/23,dnf,dnf (#3),read,,,,1,0
43225180,Verity,Colleen Hoover,"Hoover, Colleen",,"=""1791392792""","=""9781791392796""",0,4.34,Independently published,Paperback,323,2018,2018,,2022/04/23,to-read,to-read (#92),to-read,,,,0,0
56732449,The Love Hypothesis,Ali Hazelwood,"Hazelwood, Ali",,"=""0593336828""","=""9780593336823""",4,4.18,Berkley Books,Paperback,383,2021,2021,,2022/02/12,,,read,,,,1,0
59562844,"Ignite (Cloverleigh Farms, #6)",Melanie Harlow,"Harlow, Melanie",,"=""""","=""""",2,4.11,,Kindle Edition,342,2021,2021,,2022/03/20,,,read,,,,1,0
38233153,"Sinner (Priest, #2)",Sierra Simone,"Simone, Sierra",,"=""""","=""""",0,4.00,,Kindle Edition,400,2018,2018,,2022/04/06,to-read,to-read (#91),to-read,,,,0,0
48847096,In the Unlikely Event,L.J. Shen,"Shen, L.J.",,"=""""","=""""",0,3.86,L.J. Shen,Kindle Edition,368,2019,2019,,2022/03/31,to-read,to-read (#90),to-read,,,,0,0
42731454,The Oysterville Sewing Circle,Susan Wiggs,"Wiggs, Susan",,"=""""","=""""",3,3.95,William Morrow,Kindle Edition,389,2019,2019,,2022/03/23,,,read,,,,1,0
48716015,"In Fury Lies Mischief (Midnight Mayhem, #2)",Amo Jones,"Jones, Amo",,"=""""","=""""",3,4.39,,Kindle Edition,359,2020,2020,,2022/03/16,,,read,,,,1,0
58353827,"Terms and Conditions  (Dreamland Billionaires, #2)",Lauren Asher,"Asher, Lauren",,"=""""","=""""",4,4.17,,Kindle Edition,435,2022,2022,,2022/03/16,,,read,,,,1,0
20324107,Destroyed,Pepper Winters,"Winters, Pepper",,"=""""","=""2940149218271""",2,4.08,,Nook,408,2014,2014,,2022/02/24,dnf,dnf (#2),read,,,,1,0
36604160,"Bad Habit (Bad Love, #1)",Charleigh Rose,"Rose, Charleigh",,"=""""","=""""",3,3.79,,Kindle Edition,348,2017,2017,,2021/04/22,,,read,,,,1,0
39809987,"Because You're Mine (Sins & Deceit, #1)",Claire Contreras,"Contreras, Claire",,"=""""","=""""",0,3.78,,Kindle Edition,262,2018,2018,,2022/02/19,to-read,to-read (#89),to-read,,,,0,0
26615962,"The Fire Between High & Lo (Elements, #2)",Brittainy C. Cherry,"Cherry, Brittainy C.",,"=""""","=""""",0,4.01,BCherry Books,Kindle Edition,324,2016,2016,,2022/02/11,to-read,to-read (#88),to-read,,,,0,0
40045986,The Last Letter,Rebecca Yarros,"Yarros, Rebecca",,"=""1640635335""","=""9781640635333""",3,4.42,Entangled: Amara,Paperback,426,2019,2019,,2022/02/07,dnf,dnf (#1),read,,,,1,0
15745950,"Walking Disaster (Beautiful, #2)",Jamie McGuire,"McGuire, Jamie",,"=""1476712980""","=""9781476712987""",0,4.16,Atria Books,Paperback,448,2013,2013,,2022/02/06,to-read,to-read (#87),to-read,,,,0,0
34851664,"The Chase (Briar U, #1)",Elle Kennedy,"Kennedy, Elle",,"=""0994054459""","=""9780994054456""",4,3.88,Elle Kennedy Inc.,ebook,368,2018,2018,,2022/02/06,,,read,,,,1,0
18138948,Stinger,Mia Sheridan,"Sheridan, Mia",,"=""""","=""""",0,4.11,,Kindle Edition,398,2014,2013,,2022/02/03,to-read,to-read (#86),to-read,,,,0,0
13572249,"Bared to You (Crossfire, #1)",Sylvia Day,"Day, Sylvia",,"=""0425263908""","=""9780425263907""",0,4.15,Berkley,Paperback,338,2012,2012,,2022/02/03,to-read,to-read (#85),to-read,,,,0,0
11422,Redeeming Love,Francine Rivers,"Rivers, Francine",,"=""""","=""""",0,4.51,Multnomah,Paperback,479,2007,1991,,2022/01/23,to-read,to-read (#84),to-read,,,,0,0
26827731,"Lev (Shot Callers, #1)",Belle Aurora,"Aurora, Belle",,"=""""","=""9780994371010""",4,4.11,Belle Aurora,ebook,370,2015,2015,,2022/01/14,,,read,,,,1,0
35996274,"Begin Again (Again, #1)",Mona Kasten,"Kasten, Mona",Toby Axelrod,"=""""","=""""",3,4.07,Bastei Entertainment,Kindle Edition,278,2017,2016,,2022/01/06,,,read,,,,1,0
36373564,"The Simple Wild (Wild, #1)",K.A. Tucker,"Tucker, K.A.",,"=""1501133438""","=""9781501133435""",0,4.32,Atria Books,Paperback,400,2018,2018,,2022/01/09,to-read,to-read (#83),to-read,,,,0,0
51661616,"Bound by Duty (Born in Blood Mafia Chronicles, #2)",Cora Reilly,"Reilly, Cora",,"=""""","=""""",0,3.83,,Kindle Edition,267,2015,2015,,2022/01/09,to-read,to-read (#82),to-read,,,,0,0
28678119,"Paper Princess (The Royals, #1)",Erin Watt,"Watt, Erin","Elle Kennedy, Jen Frederick","=""""","=""""",0,3.94,Timeout LLC,Kindle Edition,370,2016,2016,,2022/01/01,to-read,to-read (#81),to-read,,,,0,0
17617277,"Real (Real, #1)",Katy Evans,"Evans, Katy",,"=""1301347949""","=""9781301347940""",0,4.13,Smashwords,ebook,293,2013,2013,,2021/12/31,to-read,to-read (#80),to-read,,,,0,0
25797013,The Paper Swan,Leylah Attar,"Attar, Leylah",,"=""""","=""""",5,4.14,,Kindle Edition,390,2015,2015,,2021/12/30,,,read,,,,1,0
30073199,"Tru Blue (The Whiskeys: Dark Knights at Peaceful Harbor, #1)",Melissa Foster,"Foster, Melissa",,"=""""","=""""",4,4.05,World Literary Press,Kindle Edition,300,2016,2016,,2021/12/26,,,read,,,,1,0
40597810,Daisy Jones & The Six,Taylor Jenkins Reid,"Reid, Taylor Jenkins",,"=""1524798622""","=""9781524798628""",0,4.22,Ballantine Books,Hardcover,355,2019,2019,,2021/12/26,to-read,to-read (#79),to-read,,,,0,0
23253863,"Nine Minutes (Nine Minutes, #1)",Beth Flynn,"Flynn, Beth",,"=""1500473634""","=""9781500473631""",0,4.36,CreateSpace Independent Publishing Platform,Paperback,317,2014,2014,,2021/12/26,to-read,to-read (#78),to-read,,,,0,0
25908870,"Kick, Push (Kick Push, #1)",Jay McLean,"McLean, Jay",,"=""""","=""""",0,4.23,,Kindle Edition,441,2015,2015,,2021/12/26,to-read,to-read (#77),to-read,,,,0,0
5107,The Catcher in the Rye,J.D. Salinger,"Salinger, J.D.",,"=""0316769177""","=""9780316769174""",0,3.80,Back Bay Books,Paperback,234,2001,1951,,2021/12/26,to-read,to-read (#76),to-read,,,,0,0
19063,The Book Thief,Markus Zusak,"Zusak, Markus",,"=""""","=""""",0,4.39,Alfred A. Knopf,Hardcover,592,2006,2005,,2021/12/26,to-read,to-read (#75),to-read,,,,0,0
29453961,"Sidebarred (The Legal Briefs, #3.5)",Emma Chase,"Chase, Emma",,"=""""","=""""",5,4.41,,ebook,101,2016,2016,,2021/12/26,,,read,,,,1,0
22926485,"Sustained (The Legal Briefs, #2)",Emma Chase,"Chase, Emma",,"=""1501102079""","=""9781501102073""",5,4.25,Gallery Books ,Paperback,267,2015,2015,,2021/12/23,,,read,,,,1,0
36319266,Forever Right Now: A Single Dad Romance,Emma   Scott,"Scott, Emma",,"=""""","=""""",5,4.22,Amazon Digital Services,Kindle Edition,285,2017,2017,,2021/12/21,,,read,,,,1,0
43641,Water for Elephants,Sara Gruen,"Gruen, Sara",,"=""1565125606""","=""9781565125605""",0,4.10,Algonquin Books,Paperback,368,2007,2006,,2021/12/21,to-read,to-read (#74),to-read,,,,0,0
43124137,The Beekeeper of Aleppo,Christy Lefteri,"Lefteri, Christy",,"=""1984821210""","=""9781984821218""",0,4.17,Ballantine Books,Hardcover,317,2019,2019,,2021/12/21,to-read,to-read (#73),to-read,,,,0,0
13517535,"Thoughtless (Thoughtless, #1)",S.C. Stephens,"Stephens, S.C.",,"=""146109111X""","=""9781461091110""",0,4.09,CreateSpace,Paperback,530,2011,2012,,2021/12/20,to-read,to-read (#72),to-read,,,,0,0
11709423,"Effortless (Thoughtless, #2)",S.C. Stephens,"Stephens, S.C.",,"=""""","=""""",0,4.35,S.C. Stephens,ebook,554,2011,2011,,2021/12/20,to-read,to-read (#71),to-read,,,,0,0
17448960,"Falling into You (Falling, #1)",Jasinda Wilder,"Wilder, Jasinda",,"=""""","=""2940016356938""",3,4.02,Jasinda Wilder,Nook,240,2013,2013,,2021/12/19,,,read,,,,1,0
45694898,Marriage for One,Ella Maise,"Maise, Ella",,"=""""","=""""",4,3.89,Ella Maise,Kindle Edition,520,2019,2019,,2021/12/19,,,read,,,,1,0
33288638,Wait for It,Mariana Zapata,"Zapata, Mariana",,"=""""","=""""",5,4.30,Amazon Digital Services LLC,Kindle Edition,418,2016,2016,,2021/04/03,,,read,,,,1,0
18781543,"Until Nico (Until, #4)",Aurora Rose Reynolds,"Reynolds, Aurora Rose",,"=""""","=""""",2,4.29,Aurora Rose Reynolds,,238,2014,2014,,2021/09/26,,,read,,,,1,0
23834721,"Ryker (Cold Fury Hockey, #4)",Sawyer Bennett,"Bennett, Sawyer",,"=""1101886781""","=""9781101886786""",5,4.22,Loveswept,ebook,269,2015,2015,,2021/08/28,,,read,,,,1,0
43427544,When August Ends,Penelope Ward,"Ward, Penelope",,"=""""","=""""",0,3.98,"Penelope Ward Books, Inc.",Audible Audio,7,2019,2019,,2021/12/05,to-read,to-read (#70),to-read,,,,0,0
27860802,The Protector,Jodi Ellen Malpas,"Malpas, Jodi Ellen",,"=""""","=""""",0,3.82,Forever,Kindle Edition,384,2016,2016,,2021/12/05,to-read,to-read (#69),to-read,,,,0,0
32956365,The Light We Lost,Jill Santopolo,"Santopolo, Jill",,"=""0735212759""","=""9780735212756""",0,3.86,G.P. Putnam's Sons,Hardcover,328,2017,2017,,2021/12/05,to-read,to-read (#68),to-read,,,,0,0
54189398,"The Spanish Love Deception (Spanish Love Deception, #1)",Elena  Armas,"Armas, Elena",,"=""1668002531""","=""9781668002537""",4,3.86,Elena Armas,ebook,487,2021,2021,,2021/07/12,,,read,,,,1,0
40222694,"Mr. Masters (Mr. Series, #1)",T.L. Swan,"Swan, T.L.",,"=""""","=""""",2,4.22,T L Swan,Kindle Edition,445,2018,2018,,2021/08/03,,,read,,,,1,0
39880512,The Hardest Fall,Ella Maise,"Maise, Ella",,"=""""","=""""",0,3.98,Ella Maise,Kindle Edition,429,2018,2018,,2021/11/15,to-read,to-read (#67),to-read,,,,0,0
56894372,Don't Kiss the Bride,Carian Cole,"Cole, Carian",,"=""""","=""""",0,4.08,,Kindle Edition,516,2021,2021,,2021/11/05,to-read,to-read (#66),to-read,,,,0,0
57888401,"Give Me a Reason (Redemption Hills, #1)",A.L. Jackson,"Jackson, A.L.",,"=""1946420557""","=""9781946420558""",2,3.99,A.L. Jackson Books Inc.,Kindle Edition,424,2021,2021,,2021/08/28,,,read,,,,1,0
56653002,"Twisted Games (Twisted, #2)",Ana Huang,"Huang, Ana",,"=""""","=""""",0,4.13,,Kindle Edition,456,2021,2021,,2021/09/03,to-read,to-read (#65),to-read,,,,0,0
38088159,Midnight Blue,L.J. Shen,"Shen, L.J.",,"=""""","=""""",4,4.12,L.J. Shen,Kindle Edition,340,2018,2018,,2021/08/28,,,read,,,,1,0
25564446,"The Air He Breathes (Elements, #1)",Brittainy C. Cherry,"Cherry, Brittainy C.",,"=""""","=""""",5,4.15,BCherry Books,Kindle Edition,308,2015,2015,,2021/08/30,,,read,,,,1,0
34450909,"Scandalous (Sinners of Saint, #3)",L.J. Shen,"Shen, L.J.",,"=""""","=""""",4,4.15,,,315,2017,2017,,2021/04/29,,,read,,,,1,0
19095025,"Play (Stage Dive, #2)",Kylie Scott,"Scott, Kylie",,"=""""","=""""",4,4.25,St. Martin's Griffin,Kindle Edition,306,2014,2014,,2021/08/25,,,read,,,,1,0
19286623,"Lead (Stage Dive, #3)",Kylie Scott,"Scott, Kylie",,"=""1250052386""","=""9781250052384""",5,4.27,St. Martin's Griffin,Paperback,305,2014,2014,,2021/08/21,,,read,,,,1,0
34824451,Endgame (Ocean Bay #1),Chloe Walsh,"Walsh, Chloe",,"=""""","=""""",0,3.99,,Kindle Edition,451,2017,,,2021/08/21,to-read,to-read (#64),to-read,,,,0,0
21408690,"Broken (Redemption, #1)",Lauren Layne,"Layne, Lauren",,"=""055339035X""","=""9780553390353""",0,4.00,Flirt,ebook,252,2014,2014,,2021/08/21,to-read,to-read (#63),to-read,,,,0,0
22843341,Stepbrother Dearest,Penelope Ward,"Ward, Penelope",,"=""1502446936""","=""9781502446930""",5,4.04,CreateSpace Independent Publishing Platform,Paperback,230,2014,2014,,2021/08/20,,,read,,,,1,0
37662640,"Mute (Dragon Runners, #1)",M.L. Nystrom,"Nystrom, M.L.",,"=""1925655466""","=""""",4,4.08,Hot Tree Publishing,Kindle Edition,146,2018,2018,,2021/08/17,,,read,,,,1,0
17167042,"Fighting for Flight (Fighting, #1)",J.B. Salsbury,"Salsbury, J.B.",,"=""1301120189""","=""9781301120185""",3,4.13,JB Salsbury,ebook,449,2013,2013,,2021/08/07,,,read,,,,1,0
17798233,"Rome (Marked Men, #3)",Jay Crownover,"Crownover, Jay",,"=""""","=""""",0,4.19,William Morrow Paperbacks ,Kindle Edition,387,2014,2014,,2021/08/16,to-read,to-read (#62),to-read,,,,0,0
18341046,"Until November (Until, #1)",Aurora Rose Reynolds,"Reynolds, Aurora Rose",,"=""""","=""""",0,4.08,,,291,2013,2013,,2021/08/16,to-read,to-read (#61),to-read,,,,0,0
17285983,"The Rocker That Holds Me (The Rocker, #1)",Terri Anne Browning,"Browning, Terri Anne",,"=""""","=""""",0,3.90,Anna Henson,Kindle Edition,102,2013,2013,,2021/08/16,to-read,to-read (#60),to-read,,,,0,0
25878001,Diary of a Fat Girl,Moira Mugweni,"Mugweni, Moira",,"=""""","=""9781311053268""",3,4.04,Moira Mugweni,ebook,299,2015,2015,,2021/08/12,,,read,,,,1,0
18663120,"Sand Jewels (Wishes, #2.5)",G.J. Walker-Smith,"Walker-Smith, G.J.",,"=""""","=""9780987484574""",4,4.26,GJ Walker-Smith,ebook,81,2013,2013,,2021/08/12,,,read,,,,1,0
17570691,"Second Hearts (Wishes, #2)",G.J. Walker-Smith,"Walker-Smith, G.J.",,"=""0987484532""","=""9780987484536""",4,4.42,Gemma Walker-Smith,Paperback,378,2013,2013,,2021/08/12,,,read,,,,1,0
17368120,"Saving Wishes (Wishes, #1)",G.J. Walker-Smith,"Walker-Smith, G.J.",,"=""0987484516""","=""9780987484512""",4,4.18,Gemma Walker-Smith,Paperback,368,2013,2013,,2021/08/12,,,read,,,,1,0
16116760,"Silence (Silence, #1)",Natasha Preston,"Preston, Natasha",,"=""""","=""""",5,3.96,CreateSpace Independent Publishing Platform,Paperback,206,2012,2012,,2021/08/12,,,read,,,,1,0
56129955,"Forbidden (Ward Sisters, #4)",Karla Sorensen,"Sorensen, Karla",,"=""""","=""""",0,4.20,,Kindle Edition,326,2021,2021,,2021/08/12,to-read,to-read (#59),to-read,,,,0,0
53058846,"Throttled (Dirty Air, #1)",Lauren Asher,"Asher, Lauren",,"=""""","=""""",3,3.84,,Kindle Edition,355,2020,2020,,2021/04/10,,,read,,,,1,0
21473305,"Dominic (Slater Brothers, #1)",L.A. Casey,"Casey, L.A.",,"=""""","=""""",0,3.99,L.A. Casey,Kindle Edition,300,2014,2014,,2021/08/07,to-read,to-read (#58),to-read,,,,0,0
18080889,"Worth the Fight (MMA Fighter, #1)",Vi Keeland,"Keeland, Vi",,"=""""","=""""",0,4.02,,Kindle Edition,378,2013,2013,,2021/08/07,to-read,to-read (#57),to-read,,,,0,0
29541818,"Idol (VIP, #1)",Kristen Callihan,"Callihan, Kristen",,"=""""","=""""",0,3.98,Plain Jane,Kindle Edition,339,2016,2016,,2021/08/04,to-read,to-read (#56),to-read,,,,0,0
31309440,"Crow (Boston Underworld, #1)",A. Zavarelli,"Zavarelli, A.",,"=""""","=""""",0,4.07,,Kindle Edition,314,2016,2016,,2021/08/04,to-read,to-read (#55),to-read,,,,0,0
36253701,"Scoring the Quarterback (The San Diegan, #2)",S.M. Soto,"Soto, S.M.",,"=""""","=""""",0,3.98,,ebook,350,2018,,,2021/08/04,to-read,to-read (#54),to-read,,,,0,0
42832506,"Torn (All Torn Up, #1)",Carian Cole,"Cole, Carian",,"=""""","=""""",0,4.11,Carian Cole,Kindle Edition,422,2018,2016,,2021/08/03,to-read,to-read (#53),to-read,,,,0,0
23637440,Kyland,Mia Sheridan,"Sheridan, Mia",,"=""""","=""""",0,4.29,,Kindle Edition,264,2015,2015,,2021/08/03,to-read,to-read (#52),to-read,,,,0,0
53754187,When the Time Is Right,M. Mabie,"Mabie, M.",Aly Martinez,"=""""","=""""",0,4.19,,Kindle Edition,325,2020,2020,,2021/08/03,to-read,to-read (#51),to-read,,,,0,0
43634665,"Fighting Solitude (On the Ropes, #3)",Aly Martinez,"Martinez, Aly",,"=""""","=""""",5,4.43,,Paperback,,2016,2016,,2021/08/03,,,read,,,,1,0
35507397,"Fighting Shadows (On the Ropes, #2)",Aly Martinez,"Martinez, Aly",,"=""""","=""""",5,4.22,Aly Martinez,Kindle Edition,260,2015,2015,,2021/07/31,,,read,,,,1,0
23206497,"Fighting Silence (On the Ropes, #1)",Aly Martinez,"Martinez, Aly",,"=""0692389237""","=""9780692389232""",5,4.17,Aly Martinez,ebook,272,2015,2015,,2021/07/30,,,read,,,,1,0
16151178,The Sea of Tranquility,Katja Millay,"Millay, Katja",,"=""""","=""""",0,4.29,Atria Books,Kindle Edition,449,2012,2012,,2021/07/30,to-read,to-read (#50),to-read,,,,0,0
32848471,Egomaniac,Vi Keeland,"Keeland, Vi",,"=""1682309819""","=""9781682309810""",4,4.21,EverAfter Romance,Paperback,322,2017,2017,,2021/07/22,,,read,,,,1,0
27970416,To Love Jason Thorn,Ella Maise,"Maise, Ella",,"=""""","=""""",2,3.80,,Kindle Edition,419,2015,2015,,2021/04/01,,,read,,,,1,0
10210,Jane Eyre,Charlotte Brontë,"Brontë, Charlotte",Michael Mason,"=""0142437204""","=""9780142437209""",0,4.14,Penguin,Paperback,532,2003,1847,,2021/07/22,to-read,to-read (#49),to-read,,,,0,0
30527507,Weightless,Kandi Steiner,"Steiner, Kandi",,"=""""","=""""",0,4.07,Kandi Steiner,Kindle Edition,401,2016,2016,,2021/07/22,to-read,to-read (#48),to-read,,,,0,0
25814647,"Rush (City Lights Series, #3)",Emma   Scott,"Scott, Emma",,"=""""","=""""",5,4.33,Trillian,Kindle Edition,304,2015,2015,,2021/07/13,,,read,,,,1,0
51338439,The Wreckage of Us,Brittainy C. Cherry,"Cherry, Brittainy C.",,"=""""","=""""",4,4.08,Montlake,Kindle Edition,367,2020,2020,,2021/07/13,,,read,,,,1,0
32294951,"The Gravity of Us (Elements, #4)",Brittainy C. Cherry,"Cherry, Brittainy C.",,"=""""","=""""",5,4.34,,ebook,270,2017,2017,,2021/04/23,,,read,,,,1,0
25883848,The Hating Game,Sally  Thorne,"Thorne, Sally",,"=""""","=""""",4,3.92,William Morrow Paperbacks,ebook,387,2016,2016,,2021/03/12,,,read,,,,1,0
55817097,"Twisted Love (Twisted, #1)",Ana Huang,"Huang, Ana",,"=""""","=""""",3,3.74,,Kindle Edition,360,2021,2021,,2021/05/10,,,read,,,,1,0
54196257,"Not My Match (The Game Changers, #2)",Ilsa Madden-Mills,"Madden-Mills, Ilsa",,"=""""","=""""",3,4.15,Montlake,Kindle Edition,301,2021,2021,,2021/06/25,,,read,,,,1,0
43020479,"Cavalier (Crimson Elite, #1)",T.L.  Smith,"Smith, T.L.",,"=""""","=""""",0,3.62,,Kindle Edition,199,2018,2018,,2021/07/04,to-read,to-read (#47),to-read,,,,0,0
49788272,"Face the Music (Love, Hate, Rock-n-Roll, #3)",J.B. Salsbury,"Salsbury, J.B.",,"=""""","=""""",0,4.29,,,,2020,2020,,2021/06/25,to-read,to-read (#46),to-read,,,,0,0
42739681,We Shouldn't,Vi Keeland,"Keeland, Vi",,"=""""","=""""",4,4.12,,Kindle Edition,405,2019,2019,,2021/02/16,,,read,,,,1,0
36615592,Ryan's Bed,Tijan,"Tijan, Tijan",,"=""""","=""""",4,4.23,,ebook,250,2018,2018,,2021/03/17,,,read,,,,1,0
29342834,"Bombshell (Hollywood A-List, #1)",C.D. Reiss,"Reiss, C.D.",,"=""""","=""""",2,3.84,,ebook,366,2017,2017,,2021/05/18,,,read,,,,1,0
25802884,"Hollywood Dirt (Hollywood Dirt, #1)",Alessandra Torre,"Torre, Alessandra",,"=""""","=""""",0,4.07,Amazon Digital Services,Kindle Edition,431,2015,2015,,2021/06/14,to-read,to-read (#45),to-read,,,,0,0
23287381,"'Til Death: Volume One ('Til Death, #1)",Bella Jewel,"Jewel, Bella",,"=""""","=""""",0,3.97,,ebook,137,2014,2014,,2021/06/10,to-read,to-read (#44),to-read,,,,0,0
23269991,"Anguish (Jokers' Wrath MC, #3)",Bella Jewel,"Jewel, Bella",,"=""""","=""""",5,4.34,,Kindle Edition,287,2014,2014,,2021/06/09,,,read,,,,1,0
51888488,Burnout,Coralee June,"June, Coralee",,"=""""","=""""",3,3.92,,Kindle Edition,266,2019,2019,,2021/03/31,,,read,,,,1,0
23492533,Swear on This Life,Renee Carlino,"Carlino, Renee",,"=""1501105795""","=""9781501105791""",0,4.15,Atria Books,Paperback,303,2016,2016,,2021/06/07,to-read,to-read (#43),to-read,,,,0,0
32822135,Archer's Voice,Mia Sheridan,"Sheridan, Mia",,"=""1538727374""","=""9781538727379""",5,4.27,Forever,ebook,345,2016,2014,,2021/04/16,,,read,,,,1,0
49091311,"A Secret for a Secret (All In, #3)",Helena Hunting,"Hunting, Helena",,"=""1542015464""","=""9781542015462""",0,4.14,Montlake,Kindle Edition,305,2020,2020,,2021/05/30,to-read,to-read (#42),to-read,,,,0,0
36558552,Drowning Erin (The Langstrom Brothers Book 2),Elizabeth O'Roark,"O'Roark, Elizabeth",,"=""""","=""""",0,4.01,,Kindle Edition,346,2017,2017,,2021/05/30,to-read,to-read (#41),to-read,,,,0,0
26148083,"Rhythm, Chord & Malykhin",Mariana Zapata,"Zapata, Mariana",,"=""""","=""""",3,3.92,,Kindle Edition,328,2015,2015,,2021/05/24,,,read,,,,1,0
35783057,"The Mafia And His Angel: Part 1 (Tainted Hearts, #1)",Lylah James,"James, Lylah",,"=""1640341765""","=""9781640341760""",0,4.03,Limitless Publishing LLC,Kindle Edition,472,2017,2017,,2021/05/28,to-read,to-read (#40),to-read,,,,0,0
51975973,"Only When It's Us (Bergman Brothers, #1)",Chloe Liese,"Liese, Chloe",,"=""""","=""""",5,3.97,Chloe Liese,Kindle Edition,388,2020,2020,,2021/05/24,,,read,,,,1,0
42439949,Hotshot Doc,R.S. Grey,"Grey, R.S.",,"=""""","=""""",3,4.06,,ebook,372,2018,2018,,2021/05/19,,,read,,,,1,0
41957608,"A Nordic King (Nordic Royals, #3)",Karina Halle,"Halle, Karina",,"=""""","=""""",4,3.96,,Kindle Edition,378,2018,2018,,2021/05/18,,,read,,,,1,0
17314430,"Wait for You (Wait for You, #1)",J. Lynn,"Lynn, J.",Jennifer L. Armentrout,"=""""","=""""",0,4.14,J. Lynn,Nook,386,2013,2013,,2021/05/18,to-read,to-read (#39),to-read,,,,0,0
27237358,Making Faces,Amy Harmon,"Harmon, Amy",,"=""""","=""""",5,4.30,,ebook,405,2013,2013,,2021/04/14,,,read,,,,1,0
53421505,The Rivals,Vi Keeland,"Keeland, Vi",,"=""""","=""""",0,4.05,,ebook,353,2020,2020,,2021/05/14,to-read,to-read (#38),to-read,,,,0,0
44099084,"Irresistible (Cloverleigh Farms, #1)",Melanie Harlow,"Harlow, Melanie",,"=""""","=""""",2,3.99,,Kindle Edition,301,2019,2019,,2021/05/10,,,read,,,,1,0
36521819,Look the Part,Jewel E. Ann,"Ann, Jewel E.",,"=""0999048287""","=""9780999048283""",5,4.17,Jewel E. Ann,Paperback,380,2018,2018,,2021/04/13,,,read,,,,1,0
99561,Looking for Alaska,John Green,"Green, John",,"=""""","=""9781435249158""",0,3.97,Speak,Paperback,221,2006,2005,,2021/05/08,to-read,to-read (#37),to-read,,,,0,0
42201431,"The Unhoneymooners (Unhoneymooners, #1)",Christina Lauren,"Lauren, Christina",,"=""""","=""""",4,3.93,Gallery Books,Paperback,432,2019,2019,,2021/05/06,,,read,,,,1,0
23834720,"Zack (Cold Fury Hockey, #3)",Sawyer Bennett,"Bennett, Sawyer",,"=""1101886773""","=""9781101886779""",4,4.16,Loveswept,ebook,325,2015,2015,,2021/05/03,,,read,,,,1,0
39336718,"Long Shot (Hoops, #1)",Kennedy Ryan,"Ryan, Kennedy",,"=""""","=""""",0,4.19,,Kindle Edition,462,2018,2018,,2021/05/03,to-read,to-read (#36),to-read,,,,0,0
35140996,"Dangerous Hearts (A Stolen Melody Duet, #1)",K.K. Allen,"Allen, K.K.",,"=""""","=""""",0,4.14,,Kindle Edition,242,2017,2017,,2021/05/02,to-read,to-read (#35),to-read,,,,0,0
30839185,"Vicious (Sinners of Saint, #1)",L.J. Shen,"Shen, L.J.",,"=""""","=""""",4,3.98,L.J. Shen,Kindle Edition,339,2016,2016,,2021/03/17,,,read,,,,1,0
36383389,"Wrecking Ball (Hard to Love, #1)",P. Dangelico,"Dangelico, P.",,"=""""","=""""",5,4.07,,Kindle Edition,309,2017,2017,,2021/04/14,,,read,,,,1,0
27083865,RoomHate,Penelope Ward,"Ward, Penelope",,"=""1523662441""","=""9781523662449""",0,3.87,CreateSpace Independent Publishing Platform,Paperback,320,2016,2016,,2021/04/22,to-read,to-read (#34),to-read,,,,0,0
20803953,"Bully (Fall Away, #1)",Penelope Douglas,"Douglas, Penelope",,"=""""","=""""",4,3.90,Intermix (Penguin Group (USA) LLC),ebook,333,2014,2013,,2021/03/12,,,read,,,,1,0
28435457,Dark Notes,Pam Godwin,"Godwin, Pam",,"=""1530784166""","=""9781530784165""",2,4.03,CreateSpace,Paperback,493,2016,2016,,2021/04/18,,,read,,,,1,0
51525075,"Bound by Honor (Born in Blood Mafia Chronicles, #1)",Cora Reilly,"Reilly, Cora",,"=""""","=""""",3,3.82,,Kindle Edition,273,2014,2014,,2021/04/13,,,read,,,,1,0
51239372,Him,L.L. Ash,"Ash, L.L.",,"=""""","=""""",0,3.67,L. L. Ash Media,Kindle Edition,329,2020,,,2021/04/18,to-read,to-read (#33),to-read,,,,0,0
54370827,Hands Down,Mariana Zapata,"Zapata, Mariana",,"=""""","=""""",3,3.93,,Kindle Edition,550,2020,2020,,2021/03/10,,,read,,,,1,0
36107506,Beautiful Mistake,Vi Keeland,"Keeland, Vi",,"=""1682309827""","=""9781682309827""",0,4.11,Everafter Romance,Paperback,350,2017,2017,,2021/04/16,to-read,to-read (#32),to-read,,,,0,0
52194105,"My Darling Arrow (St. Mary’s Rebels, #1)",Saffron A. Kent,"Kent, Saffron A.",,"=""""","=""""",0,3.85,,Paperback,504,2020,2020,,2021/04/16,to-read,to-read (#31),to-read,,,,0,0
36535222,"Undeniable (Undeniable, #1)",Madeline Sheehan,"Sheehan, Madeline",,"=""""","=""""",0,4.02,Madeline Sheehan,Kindle Edition,275,2017,2012,,2021/04/16,to-read,to-read (#30),to-read,,,,0,0
50530098,"All the Lies (Lies & Truths Duet, #1)",Rina Kent,"Kent, Rina",,"=""""","=""""",0,3.94,,Kindle Edition,292,2020,2020,,2021/04/16,to-read,to-read (#29),to-read,,,,0,0
28262024,"The Goal (Off-Campus, #4)",Elle Kennedy,"Kennedy, Elle",,"=""1533344345""","=""9781533344342""",0,3.94,CreateSpace Independent Publishing Platform,Paperback,350,2016,2016,,2021/04/16,to-read,to-read (#28),to-read,,,,0,0
44222846,"Bennett Mafia (Bennett Mafia, #1)",Tijan,"Tijan, Tijan",,"=""""","=""""",4,4.19,,Kindle Edition,395,2019,2019,,2021/03/25,,,read,,,,1,0
35687395,"Sledgehammer (Hard to Love, #2)",P. Dangelico,"Dangelico, P.",,"=""""","=""""",0,4.07,P. Dangelico,Kindle Edition,352,2017,2017,,2021/04/13,to-read,to-read (#27),to-read,,,,0,0
42883009,Luna and the Lie,Mariana Zapata,"Zapata, Mariana",,"=""""","=""""",5,4.09,,ebook,580,2018,2018,,2021/04/10,,,read,,,,1,0
57605091,All Rhodes Lead Here,Mariana Zapata,"Zapata, Mariana",,"=""""","=""""",4,4.32,,Kindle Edition,572,2021,2021,,2021/04/07,,,read,,,,1,0
16143347,We Were Liars,E. Lockhart,"Lockhart, E.",,"=""""","=""""",0,3.69,Delacorte Press,Kindle Edition,242,2014,2014,,2021/04/07,to-read,to-read (#26),to-read,,,,0,0
53152636,Mexican Gothic,Silvia Moreno-Garcia,"Moreno-Garcia, Silvia",,"=""""","=""""",0,3.68,Del Rey,Hardcover,320,2020,2020,,2021/04/07,to-read,to-read (#25),to-read,,,,0,0
30253700,Anti-Stepbrother,Tijan,"Tijan, Tijan",,"=""""","=""""",4,4.14,,ebook,267,2016,2016,,2021/04/07,,,read,,,,1,0
37683751,From Lukov with Love,Mariana Zapata,"Zapata, Mariana",,"=""""","=""""",4,4.26,Mariana Zapata,Paperback,493,2018,2018,,2021/03/31,,,read,,,,1,0
36809135,Where the Crawdads Sing,Delia Owens,"Owens, Delia",,"=""0735219117""","=""9780735219113""",0,4.40,G.P. Putnam’s Sons,ebook,384,2018,2018,,2021/04/03,to-read,to-read (#24),to-read,,,,0,0
21843117,Scoring Wilder,R.S. Grey,"Grey, R.S.",,"=""""","=""9780990490401""",3,4.00,R.S. Grey,ebook,402,2014,2014,,2021/03/31,,,read,,,,1,0
29103642,Waking Olivia,Elizabeth O'Roark,"O'Roark, Elizabeth",,"=""098981355X""","=""9780989813556""",5,4.17,Elizabeth O'Roark,Paperback,378,2016,2016,,2021/03/31,,,read,,,,1,0
11505797,"Beautiful Disaster (Beautiful, #1)",Jamie McGuire,"McGuire, Jamie",,"=""""","=""""",0,4.02,Jamie McGuire,Kindle Edition,432,2011,2011,,2021/03/31,to-read,to-read (#23),to-read,,,,0,0
41021967,Punk 57,Penelope Douglas,"Douglas, Penelope",,"=""1952646049""","=""9781952646041""",0,3.79,Penelope Douglas LLC ,Kindle Edition,343,2016,2016,,2021/03/31,to-read,to-read (#22),to-read,,,,0,0
52322156,"The Villain (Boston Belles, #2)",L.J. Shen,"Shen, L.J.",,"=""""","=""9798577173548""",0,4.24,L.J. Shen,Paperback,420,2020,2020,,2021/03/30,to-read,to-read (#21),to-read,,,,0,0
56250307,"The Darkest Temptation (Made, #3)",Danielle Lori,"Lori, Danielle",,"=""""","=""""",4,4.06,,Kindle Edition,410,2020,2020,,2021/03/22,,,read,,,,1,0
48745819,Sweet Dandelion,Micalea Smeltzer,"Smeltzer, Micalea",,"=""""","=""""",3,4.04,,Kindle Edition,610,2020,2020,,2021/03/25,,,read,,,,1,0
56074484,The Not-Outcast,Tijan,"Tijan, Tijan",,"=""""","=""""",0,4.10,,Kindle Edition,427,2020,2020,,2021/03/25,to-read,to-read (#20),to-read,,,,0,0
34853951,Hate to Love You,Tijan,"Tijan, Tijan",,"=""""","=""""",0,3.95,,Kindle Edition,400,2017,2017,,2021/03/25,to-read,to-read (#19),to-read,,,,0,0
49561047,Doughn't Let Me Go (Slice #3),Teagan Hunter,"Hunter, Teagan",,"=""""","=""""",4,4.11,Teagan Hunter,Kindle Edition,278,2020,2020,,2021/03/17,,,read,,,,1,0
39555142,Birthday Girl,Penelope Douglas,"Douglas, Penelope",,"=""""","=""""",5,3.96,Penelope Douglas LLC,ebook,349,2018,2018,,2021/03/17,,,read,,,,1,0
40613322,"The Maddest Obsession (Made, #2)",Danielle Lori,"Lori, Danielle",,"=""""","=""""",0,4.27,,ebook,333,2019,2019,,2021/03/22,to-read,to-read (#18),to-read,,,,0,0
17200687,"Rule (Marked Men, #1)",Jay Crownover,"Crownover, Jay",,"=""""","=""""",0,4.12,Jay Crownover Books,Kindle Edition,369,2012,2012,,2021/03/22,to-read,to-read (#17),to-read,,,,0,0
51913145,Breathless (Texas Nights #3),Lex Martin,"Martin, Lex",,"=""""","=""""",3,4.08,,Paperback,336,,2020,,2021/03/18,,,read,,,,1,0
36130400,"Reckless (Texas Nights, #2)",Lex Martin,"Martin, Lex",,"=""""","=""9780692597804""",4,4.15,,Kindle Edition,408,2018,2018,,2021/03/17,,,read,,,,1,0
52197788,Park Avenue Player,Penelope Ward,"Ward, Penelope",Vi Keeland,"=""1686148453""","=""9781686148453""",0,4.18,Independently published,Paperback,300,2019,2019,,2021/03/17,to-read,to-read (#16),to-read,,,,0,0
17344385,"Broken and Screwed (BS, #1)",Tijan,"Tijan, Tijan",,"=""""","=""""",0,4.12,,Kindle Edition,257,2013,2013,,2021/03/17,to-read,to-read (#15),to-read,,,,0,0
49047293,Enemies,Tijan,"Tijan, Tijan",,"=""""","=""""",5,4.01,,Kindle Edition,379,2019,2019,,2021/03/12,,,read,,,,1,0
9888775,Catching Jordan,Miranda Kenneally,"Kenneally, Miranda",,"=""1402262272""","=""9781402262272""",4,3.84,Sourcebooks Fire,Paperback,288,2011,2011,,2021/03/16,,,read,,,,1,0
40807398,"The Promise (Neighbor from Hell, #10)",R.L. Mathewson,"Mathewson, R.L.",,"=""""","=""""",2,4.15,"Rerum Carta Industries, Inc.",Kindle Edition,264,2019,2019,,2021/03/15,,,read,,,,1,0
32960545,"Sin With Me (Bad Habit, #3)",J.T. Geissinger,"Geissinger, J.T.",,"=""147782667X""","=""9781477826676""",0,4.27,Montlake Romance,Kindle Edition,384,2017,2017,,2021/03/14,to-read,to-read (#14),to-read,,,,0,0
26133112,"Make Me Sin (Bad Habit, #2)",J.T. Geissinger,"Geissinger, J.T.",,"=""150396518X""","=""9781503965188""",0,4.30,Montlake Romance,Kindle Edition,400,2016,2016,,2021/03/14,to-read,to-read (#13),to-read,,,,0,0
22494969,"Nero (Made Men, #1)",Sarah Brianne,"Brianne, Sarah",,"=""""","=""1230000248505""",0,4.01,Young Ink Press,ebook,292,2014,2014,,2021/03/14,to-read,to-read (#12),to-read,,,,0,0
16102004,"Beautiful Bastard (Beautiful Bastard, #1)",Christina Lauren,"Lauren, Christina",,"=""1476730105""","=""9781476730103""",0,3.93,Gallery Books,ebook,271,2013,2013,,2021/03/14,to-read,to-read (#11),to-read,,,,0,0
24044596,Kulti,Mariana Zapata,"Zapata, Mariana",,"=""""","=""""",5,4.28,,Nook,570,2015,2015,,2021/03/12,,,read,,,,1,0
30256248,By Your Side,Kasie West,"West, Kasie",,"=""0062455869""","=""9780062455864""",4,3.86,HarperTeen,Paperback,346,2017,2017,,2021/03/12,,,read,,,,1,0
29367958,The Wall of Winnipeg and Me,Mariana Zapata,"Zapata, Mariana",,"=""""","=""""",5,4.24,,Kindle Edition,428,2016,2016,,2021/03/07,,,read,,,,1,0
53327327,Black Skies Riviera,Catherine Wiltcher,"Wiltcher, Catherine",,"=""""","=""9781838044855""",4,4.03,,ebook,366,2020,2020,,2021/03/03,,,read,,,,1,0
56037021,"A Vow Of Hate (A Vow of Hate, #1)",Lylah James,"James, Lylah",,"=""""","=""""",4,3.74,Amazon Digital Services,Kindle Edition,434,2021,2021,,2021/03/02,,,read,,,,1,0
21981841,"Corrupt (Devil's Night, #1)",Penelope Douglas,"Douglas, Penelope",,"=""""","=""""",3,3.81,CreateSpace Independent Publishing Platform,Paperback,460,2015,2015,,2021/03/02,,,read,,,,1,0
50724052,The Devil Wears Black,L.J. Shen,"Shen, L.J.",,"=""""","=""""",0,4.14,Montlake,Kindle Edition,369,2021,2021,,2021/02/23,to-read,to-read (#10),to-read,,,,0,0
56692458,The Invitation,Vi Keeland,"Keeland, Vi",Jessica  Royer-Ocken,"=""""","=""""",4,4.21,,Kindle Edition,396,2021,2021,,2021/02/21,,,read,,,,1,0
43801676,Gavriil (Stepanov Mafia),Zoey Parker,"Parker, Zoey",,"=""""","=""""",3,3.67,,Kindle Edition,189,2019,,,2021/02/16,,,read,,,,1,0
49636211,"Taken as Collateral (Mafia Masters, #2)",Piper Stone,"Stone, Piper",,"=""""","=""""",0,4.16,Stormy Night Publications,Kindle Edition,278,2019,2019,,2021/02/20,to-read,to-read (#9),to-read,,,,0,0
48854978,Playing with Fire,L.J. Shen,"Shen, L.J.",,"=""""","=""9798680019214""",0,4.18,Independently published,Paperback,436,2020,2020,,2021/02/20,to-read,to-read (#8),to-read,,,,0,0
52673459,"Twisted Bonds (The Camorra Chronicles, #4)",Cora Reilly,"Reilly, Cora",,"=""""","=""""",4,4.27,,Kindle Edition,349,2019,2019,,2021/02/18,,,read,,,,1,0
43721791,"Twisted Pride (The Camorra Chronicles, #3)",Cora Reilly,"Reilly, Cora",,"=""""","=""""",0,4.18,,Kindle Edition,419,2019,2019,,2021/02/17,to-read,to-read (#7),to-read,,,,0,0
43227562,"Twisted Emotions (The Camorra Chronicles, #2)",Cora Reilly,"Reilly, Cora",,"=""""","=""""",5,4.21,,Kindle Edition,343,2019,2019,,2021/02/16,,,read,,,,1,0
48662527,"Beautifully Cruel (Beautifully Cruel, #1)",J.T. Geissinger,"Geissinger, J.T.",,"=""""","=""""",0,4.16,"J.T. Geissinger, Inc.",Kindle Edition,336,2020,2020,,2021/02/16,to-read,to-read (#6),to-read,,,,0,0
38601481,"Straight Up Love (The Boys of Jackson Harbor, #2)",Lexi Ryan,"Ryan, Lexi",,"=""""","=""""",4,4.10,"Ever After, LLC",Kindle Edition,282,2018,2018,,2021/02/16,,,read,,,,1,0
36978559,"The Wrong Kind of Love (The Boys of Jackson Harbor, #1)",Lexi Ryan,"Ryan, Lexi",,"=""""","=""""",5,4.23,,ebook,,2018,2018,,2021/02/16,,,read,,,,1,0
44804883,"If It's Only Love (The Boys of Jackson Harbor, #6)",Lexi Ryan,"Ryan, Lexi",,"=""""","=""""",4,4.28,"Ever After, LLC",Kindle Edition,293,2019,2019,,2021/02/16,,,read,,,,1,0
43784216,"The Gift (Bratva Vows, #1)",S.R. Jones,"Jones, S.R.",,"=""""","=""""",0,4.27,,Kindle Edition,162,2019,2019,,2021/02/15,to-read,to-read (#4),to-read,,,,0,0
39083635,"The Sweetest Oblivion (Made, #1)",Danielle Lori,"Lori, Danielle",,"=""1721284443""","=""9781721284443""",5,4.05,CreateSpace,Paperback,384,2018,2018,,2021/02/12,,,read,,,,1,0
51072371,Fragile Longing,Cora Reilly,"Reilly, Cora",,"=""""","=""9798691613852""",3,3.52,Independently published,Paperback,296,2020,2020,,2021/02/12,,,read,,,,1,0
52003821,"Bound by Hatred (Born in Blood Mafia Chronicles, #3)",Cora Reilly,"Reilly, Cora",,"=""""","=""""",0,3.88,Cora Reilly,Kindle Edition,281,2015,2015,,2021/02/12,to-read,to-read (#3),to-read,,,,0,0
54272746,"The Woman at the Docks (Grassi Family, #1)",Jessica Gadziala,"Gadziala, Jessica",,"=""""","=""""",0,4.26,,Kindle Edition,250,2020,,,2021/02/11,to-read,to-read (#2),to-read,,,,0,0
44161536,Bound,Zoey Parker,"Parker, Zoey",,"=""""","=""""",0,3.80,,Kindle Edition,216,2019,,,2021/02/11,to-read,to-read (#1),to-read,,,,0,0
51737,The Truth About Forever,Sarah Dessen,"Dessen, Sarah",,"=""0142406252""","=""9780142406250""",5,4.12,Penguin Group Inc.,Paperback,374,2004,2004,,2021/02/11,,,read,,,,1,0
5821978,"The Summer I Turned Pretty (Summer, #1)",Jenny Han,"Han, Jenny",,"=""1416968237""","=""9781416968238""",3,3.78,Simon & Schuster Books for Young Readers,Hardcover,276,2009,2009,,2021/02/11,,,read,,,,1,0
12294652,My Life Next Door,Huntley Fitzpatrick,"Fitzpatrick, Huntley",,"=""0803736991""","=""9780803736993""",4,3.98,Dial Books For Young Readers,Hardcover,394,2012,2012,,2021/02/11,,,read,,,,1,0
4268157,"Perfect Chemistry (Perfect Chemistry, #1)",Simone Elkeles,"Elkeles, Simone",,"=""0802798233""","=""9780802798237""",4,4.04,Walker Childrens,Hardcover,368,2008,2008,,2021/02/11,,,read,,,,1,0
55690970,"Sinful Fling (Sinfully Rich, #1)",Vivian Wood,"Wood, Vivian",,"=""""","=""""",3,3.91,,Kindle Edition,340,2020,2019,,2021/02/11,,,read,,,,1,0
41032121,"The Risk (Briar U, #2)",Elle Kennedy,"Kennedy, Elle",,"=""""","=""""",4,4.26,Elle Kennedy Inc.,Kindle Edition,402,2019,2019,,2021/02/11,,,read,,,,1,0
27362503,"It Ends with Us (It Ends with Us, #1)",Colleen Hoover,"Hoover, Colleen",,"=""""","=""""",4,4.22,Atria Books,Kindle Edition,386,2016,2016,,2021/02/11,,,read,,,,1,0
39709060,"Pretty Reckless (All Saints High, #1)",L.J. Shen,"Shen, L.J.",,"=""1095447416""","=""9781095447413""",4,4.08,L.J. Shen,Paperback,360,2019,2019,,2021/02/11,,,read,,,,1,0
41450662,The Kiss Thief,L.J. Shen,"Shen, L.J.",Charline McGregor,"=""1793307504""","=""9781793307507""",5,3.89,Independently published,Paperback,320,2019,2019,,2021/02/11,,,read,,,,1,0
27263454,"Sparrow (Boston Belles, #0.5)",L.J. Shen,"Shen, L.J.",,"=""""","=""""",5,4.06,,Kindle Edition,312,2016,2016,,2021/02/11,,,read,,,,1,0
52226559,Sweet Temptation,Cora Reilly,"Reilly, Cora",,"=""""","=""""",5,4.02,,Kindle Edition,292,2020,2020,,2021/02/11,,,read,,,,1,0
231804,The Outsiders,S.E. Hinton,"Hinton, S.E.",,"=""""","=""""",4,4.12,Puffin Books (US/CAN),Mass Market Paperback,192,1997,1967,,2021/02/11,,,read,,,,1,0
18692431,"Everything, Everything",Nicola Yoon,"Yoon, Nicola",David  Yoon,"=""0553496646""","=""9780553496642""",4,3.99,Delacorte Books for Young Readers,Hardcover,312,2015,2015,,2021/02/11,,,read,,,,1,0
11387515,"Wonder (Wonder, #1)",R.J. Palacio,"Palacio, R.J.",,"=""""","=""""",3,4.38,Alfred A. Knopf,Hardcover,315,2012,2012,,2021/02/11,,,read,,,,1,0
3636,"The Giver (The Giver, #1)",Lois Lowry,"Lowry, Lois",,"=""0385732554""","=""9780385732550""",4,4.12,Ember,Paperback,208,2006,1993,,2021/02/11,,,read,,,,1,0
48855,The Diary of a Young Girl,Anne Frank,"Frank, Anne","Otto H. Frank, Mirjam Pressler, Barbara Mooyaart-Doubleday, Γιάννης Θωμόπουλος, Susan Massotty, Eleanor Roosevelt","=""""","=""""",4,4.19,Bantam,Mass Market Paperback,283,1993,1947,,2021/02/11,,,read,,,,1,0
128029,A Thousand Splendid Suns,Khaled Hosseini,"Hosseini, Khaled",,"=""1594489505""","=""9781594489501""",5,4.42,Riverhead Books,Hardcover,372,2007,2007,,2021/02/11,,,read,,,,1,0
28187,"The Lightning Thief (Percy Jackson and the Olympians, #1)",Rick Riordan,"Riordan, Rick",,"=""""","=""""",5,4.30,Disney Hyperion Books,Paperback,377,2006,2005,,2021/02/11,,,read,,,,1,0
18144590,The Alchemist,Paulo Coelho,"Coelho, Paulo",,"=""0062315005""","=""9780062315007""",4,3.90,HarperOne,Paperback,182,2014,1988,,2021/02/11,,,read,,,,1,0
11870085,The Fault in Our Stars,John Green,"Green, John",,"=""""","=""""",3,4.14,Dutton Books,Hardcover,313,2012,2012,,2021/02/11,,,read,,,,1,0
77203,The Kite Runner,Khaled Hosseini,"Hosseini, Khaled",,"=""""","=""""",5,4.34,Riverhead Books,Paperback,371,2004,2003,,2021/02/11,,,read,,,,1,0
2657,To Kill a Mockingbird,Harper Lee,"Lee, Harper",,"=""""","=""""",4,4.26,Harper Perennial Modern Classics ,Paperback,323,2006,1960,,2021/02/11,,,read,,,,1,0
4671,The Great Gatsby,F. Scott Fitzgerald,"Fitzgerald, F. Scott",,"=""""","=""""",3,3.93,Scribner,Paperback,180,1925,1925,,2021/02/11,,,read,,,,1,0
